Jul 07, 2023 00:00	1911.5	1912.28	1909.57	1910.86	-64.0	-0.03%
Jul 06, 2023 20:00	1910.11	1912	1909	1911.58	+147.0	+0.08%
Jul 06, 2023 16:00	1911.71	1912.28	1908.6	1910.03	-168.0	-0.09%
Jul 06, 2023 12:00	1926.51	1927.32	1902.85	1911.41	-1510.0	-0.79%
Jul 06, 2023 08:00	1922.51	1927.14	1922.45	1926.5	+399.0	+0.21%
Jul 06, 2023 04:00	1917.2	1921.33	1916.1	1920.77	+357.0	+0.19%
Jul 06, 2023 00:00	1916.75	1919.64	1915.9	1918.09	+134.0	+0.07%
Jul 05, 2023 20:00	1915.91	1917.72	1914.3	1916.69	+78.0	+0.04%
Jul 05, 2023 16:00	1922.97	1924.67	1914.7	1915.76	-721.0	-0.38%
Jul 05, 2023 12:00	1927.05	1934.83	1918.7	1923.05	-400.0	-0.21%
Jul 05, 2023 08:00	1927	1927.99	1926.7	1927.39	+39.0	+0.02%
Jul 05, 2023 04:00	1924.16	1926.28	1921.12	1925.88	+172.0	+0.09%
Jul 05, 2023 00:00	1926.22	1926.91	1922.7	1924.31	-191.0	-0.10%
Jul 04, 2023 20:00	1925.67	1926.86	1924	1926.23	+56.0	+0.03%
Jul 04, 2023 16:00	1927.04	1927.1	1923.4	1925.73	-131.0	-0.07%
Jul 04, 2023 12:00	1928.51	1930.15	1926	1927.04	-147.0	-0.08%
Jul 04, 2023 08:00	1927.76	1930.53	1925.84	1928.23	+47.0	+0.02%
Jul 04, 2023 04:00	1923.16	1928.22	1921.8	1927.97	+481.0	+0.25%
Jul 04, 2023 00:00	1921.07	1923.37	1919.5	1922.89	+182.0	+0.09%
Jul 03, 2023 20:00	1920.4	1921.54	1919.9	1921.27	+87.0	+0.05%
Jul 03, 2023 16:00	1926.4	1926.64	1920.2	1921.26	-514.0	-0.27%
Jul 03, 2023 12:00	1912.69	1930.5	1911.76	1926.52	+1383.0	+0.72%
Jul 03, 2023 08:00	1911.75	1914.19	1910.11	1912.39	+64.0	+0.03%
Jul 03, 2023 04:00	1918.18	1920.47	1912.09	1912.42	-576.0	-0.30%
Jul 03, 2023 00:00	1917.7	1918.97	1914.1	1918.43	+73.0	+0.04%
Jul 02, 2023 20:00	1919.1	1919.65	1917.5	1917.7	-140.0	-0.07%
Jul 02, 2023 16:00	1920.3	1920.3	1919.31	1919.31	-99.0	-0.05%
Jun 30, 2023 20:00	1919.62	1919.97	1917.5	1919.2	-42.0	-0.02%
Jun 30, 2023 16:00	1919.17	1922.61	1917.1	1919.86	+69.0	+0.04%
Jun 30, 2023 12:00	1905.31	1919.22	1904.53	1918.82	+1351.0	+0.70%
Jun 30, 2023 08:00	1905.24	1906.5	1900.57	1905.3	+6.0	+0.00%
Jun 30, 2023 04:00	1908.22	1909.55	1903.67	1905.21	-301.0	-0.16%
Jun 30, 2023 00:00	1908.71	1909.62	1906.5	1908.23	-48.0	-0.03%
Jun 29, 2023 20:00	1907.58	1908.77	1906.8	1908.76	+118.0	+0.06%
Jun 29, 2023 16:00	1908.65	1910.64	1905.7	1907.49	-116.0	-0.06%
Jun 29, 2023 12:00	1909.77	1913.0	1893.16	1908.91	-86.0	-0.05%
Jun 29, 2023 08:00	1905.18	1910.95	1903.93	1909.95	+477.0	+0.25%
Jun 29, 2023 04:00	1905.32	1907.09	1902.3	1905.62	+30.0	+0.02%
Jun 29, 2023 00:00	1909.47	1912.66	1902.5	1905.6	-387.0	-0.20%
Jun 28, 2023 20:00	1909.45	1910.56	1906.67	1909.58	+13.0	+0.01%
Jun 28, 2023 16:00	1910.59	1913.25	1909.0	1909.57	-102.0	-0.05%
Jun 28, 2023 12:00	1907.1	1912.99	1903.46	1910.86	+376.0	+0.20%
Jun 28, 2023 08:00	1910.74	1911.87	1905.4	1907.09	-365.0	-0.19%
Jun 28, 2023 04:00	1915.1	1916.55	1909.42	1911.01	-409.0	-0.21%
Jun 28, 2023 00:00	1915.26	1916.98	1913.37	1915.13	-13.0	-0.01%
Jun 27, 2023 20:00	1913.45	1915.66	1912.1	1915.39	+194.0	+0.10%
Jun 27, 2023 16:00	1913.28	1916.44	1910.6	1913.63	+35.0	+0.02%
Jun 27, 2023 12:00	1922.84	1929.99	1911.65	1913.5	-934.0	-0.49%
Jun 27, 2023 08:00	1928.05	1928.43	1919.87	1923.05	-500.0	-0.26%
Jun 27, 2023 04:00	1928.35	1929.6	1924.1	1928.05	-30.0	-0.02%
Jun 27, 2023 00:00	1922.57	1930.04	1921.4	1928.32	+575.0	+0.30%
Jun 26, 2023 20:00	1922.72	1924.6	1920.4	1922.28	-44.0	-0.02%
Jun 26, 2023 16:00	1925.59	1926.51	1921.6	1922.84	-275.0	-0.14%
Jun 26, 2023 12:00	1931.47	1932.96	1921.61	1925.69	-578.0	-0.30%
Jun 26, 2023 08:00	1928.88	1933.18	1928.7	1931.52	+264.0	+0.14%
Jun 26, 2023 04:00	1925.45	1929.04	1922.2	1928.52	+307.0	+0.16%
Jun 26, 2023 00:00	1925.22	1928.33	1924.3	1925.45	+23.0	+0.01%
Jun 25, 2023 20:00	1923.1	1926.65	1920.51	1925.22	+212.0	+0.11%
Jun 25, 2023 16:00	1927.3	1927.3	1920.51	1920.51	-679.0	-0.35%
Jun 23, 2023 20:00	1919.29	1921.38	1918.6	1920.79	+150.0	+0.08%
Jun 23, 2023 16:00	1920.75	1922.2	1917.93	1919.17	-158.0	-0.08%
Jun 23, 2023 12:00	1919.79	1936.57	1918.98	1921.01	+122.0	+0.06%
Jun 23, 2023 08:00	1917.93	1920.3	1916.3	1919.08	+115.0	+0.06%
Jun 23, 2023 04:00	1912.48	1918.73	1912.0	1917.92	+544.0	+0.28%
Jun 23, 2023 00:00	1914.47	1915.9	1910.2	1912.28	-219.0	-0.11%
Jun 22, 2023 20:00	1914.37	1914.84	1912.46	1914.43	+6.0	+0.00%
Jun 22, 2023 16:00	1913.33	1917.39	1913.3	1913.93	+60.0	+0.03%
Jun 22, 2023 12:00	1927.19	1930.54	1912.4	1913.24	-1395.0	-0.73%
Jun 22, 2023 08:00	1930.23	1931.37	1924.9	1927.12	-311.0	-0.16%
Jun 22, 2023 04:00	1932.68	1933.01	1927.14	1929.72	-296.0	-0.15%
Jun 22, 2023 00:00	1933.91	1934.15	1931.4	1932.5	-141.0	-0.07%
Jun 21, 2023 20:00	1933.7	1934.74	1931.83	1933.91	+21.0	+0.01%
Jun 21, 2023 16:00	1932.21	1937.41	1930.0	1933.35	+114.0	+0.06%
Jun 21, 2023 12:00	1934.35	1935.17	1920.19	1932.05	-230.0	-0.12%
Jun 21, 2023 08:00	1935.0	1935.78	1932.17	1934.6	-40.0	-0.02%
Jun 21, 2023 04:00	1937.01	1937.33	1931.26	1934.87	-214.0	-0.11%
Jun 21, 2023 00:00	1935.9	1939.08	1935.46	1936.95	+105.0	+0.05%
Jun 20, 2023 20:00	1936.38	1938.77	1934.9	1937.06	+68.0	+0.04%
Jun 20, 2023 16:00	1935.26	1938.35	1934.3	1936.8	+154.0	+0.08%
Jun 20, 2023 12:00	1951.38	1954.36	1929.0	1934.76	-1662.0	-0.86%
Jun 20, 2023 08:00	1954.87	1955.47	1950.1	1951.19	-368.0	-0.19%
Jun 20, 2023 04:00	1950.08	1956.39	1947.0	1954.95	+487.0	+0.25%
Jun 20, 2023 00:00	1952.39	1952.74	1945.13	1950.07	-232.0	-0.12%
Jun 19, 2023 20:00	1950.21	1953.77	1950.21	1952.19	+198.0	+0.10%
Jun 19, 2023 16:00	1950.57	1951.85	1948.7	1950.21	-36.0	-0.02%
Jun 19, 2023 12:00	1948.27	1953.36	1947.87	1950.8	+253.0	+0.13%
Jun 19, 2023 08:00	1955.06	1958.49	1947.8	1948.41	-665.0	-0.34%
Jun 19, 2023 04:00	1955.52	1957.29	1952.78	1954.8	-72.0	-0.04%
Jun 19, 2023 00:00	1957.0	1958.48	1953.8	1955.52	-148.0	-0.08%
Jun 18, 2023 20:00	1960.6	1961.4	1955.9	1957.0	-360.0	-0.18%
Jun 18, 2023 16:00	1957.45	1957.45	1957.45	1957.45	+0.0	+0.00%
Jun 16, 2023 20:00	1955.83	1957.88	1955.73	1957.5	+167.0	+0.09%
Jun 16, 2023 16:00	1956.46	1959.46	1953.7	1955.48	-98.0	-0.05%
Jun 16, 2023 12:00	1965.33	1967.8	1953.5	1956.12	-921.0	-0.47%
Jun 16, 2023 08:00	1961.43	1966.33	1960.14	1965.56	+413.0	+0.21%
Jun 16, 2023 04:00	1955.6	1963.1	1954.0	1961.66	+606.0	+0.31%
Jun 16, 2023 00:00	1958.23	1961.7	1954.6	1956.6	-163.0	-0.08%
Jun 15, 2023 20:00	1958.73	1959.18	1956.9	1958.25	-48.0	-0.02%
Jun 15, 2023 16:00	1956.75	1960.13	1956.7	1958.67	+192.0	+0.10%
Jun 15, 2023 12:00	1928.39	1959.46	1926.21	1956.43	+2804.0	+1.43%
Jun 15, 2023 08:00	1934.12	1936.41	1927.92	1928.5	-562.0	-0.29%
Jun 15, 2023 04:00	1934.71	1939.48	1929.25	1933.25	-146.0	-0.08%
Jun 15, 2023 00:00	1944.8	1945.08	1932.8	1934.74	-1006.0	-0.52%
Jun 14, 2023 20:00	1945.4	1946.01	1939.66	1945.16	-24.0	-0.01%
Jun 14, 2023 16:00	1956.29	1957.38	1940.69	1944.9	-1139.0	-0.59%
Jun 14, 2023 12:00	1946.78	1959.7	1946.78	1955.9	+912.0	+0.47%
Jun 14, 2023 08:00	1949.61	1952.76	1945.3	1947.02	-259.0	-0.13%
Jun 14, 2023 04:00	1949.14	1951.37	1944.8	1949.64	+50.0	+0.03%
Jun 14, 2023 00:00	1944.19	1949.22	1942.3	1949.02	+483.0	+0.25%
Jun 13, 2023 20:00	1943.55	1945.08	1942.1	1943.93	+38.0	+0.02%
Jun 13, 2023 16:00	1942.5	1946.89	1940.1	1943.61	+111.0	+0.06%
Jun 13, 2023 12:00	1963.68	1969.47	1942.21	1942.87	-2081.0	-1.07%
Jun 13, 2023 08:00	1962.48	1966.03	1961.73	1963.55	+107.0	+0.05%
Jun 13, 2023 04:00	1961.71	1965.09	1958.18	1962.43	+72.0	+0.04%
Jun 13, 2023 00:00	1959.98	1961.99	1955.6	1961.92	+194.0	+0.10%
Jun 12, 2023 20:00	1958.23	1960.48	1956.1	1959.86	+163.0	+0.08%
Jun 12, 2023 16:00	1955.21	1958.56	1953.12	1958.37	+316.0	+0.16%
Jun 12, 2023 12:00	1963.98	1965.54	1949.49	1955.04	-894.0	-0.46%
Jun 12, 2023 08:00	1960.72	1966.78	1960.72	1963.74	+302.0	+0.15%
Jun 12, 2023 04:00	1957.97	1961.81	1956.4	1960.57	+260.0	+0.13%
Jun 12, 2023 00:00	1960.09	1960.36	1953.7	1958.46	-163.0	-0.08%
Jun 11, 2023 20:00	1960.71	1962.45	1957.5	1959.83	-88.0	-0.04%
Jun 11, 2023 16:00	1963.1	1963.1	1960.71	1960.71	-239.0	-0.12%
Jun 09, 2023 20:00	1960.21	1961.06	1959.9	1960.49	+28.0	+0.01%
Jun 09, 2023 16:00	1962.11	1962.78	1959.99	1959.99	-212.0	-0.11%
Jun 09, 2023 12:00	1966.62	1971.94	1956.93	1962.08	-454.0	-0.23%
Jun 09, 2023 08:00	1963.28	1966.55	1960.0	1965.64	+236.0	+0.12%
Jun 09, 2023 04:00	1963.62	1965.72	1961.9	1963.14	-48.0	-0.02%
Jun 09, 2023 00:00	1965.2	1965.65	1962.7	1963.72	-148.0	-0.08%
Jun 08, 2023 20:00	1964.99	1966.25	1964.2	1965.33	+34.0	+0.02%
Jun 08, 2023 16:00	1966.86	1969.03	1961.97	1965.11	-175.0	-0.09%
Jun 08, 2023 12:00	1946.37	1969.81	1946.2	1966.88	+2051.0	+1.04%
Jun 08, 2023 08:00	1946.93	1948.97	1945.03	1946.57	-36.0	-0.02%
Jun 08, 2023 04:00	1946.26	1948.0	1942.71	1947.05	+79.0	+0.04%
Jun 08, 2023 00:00	1944.36	1947.02	1944.0	1946.19	+183.0	+0.09%
Jun 07, 2023 20:00	1940.13	1945.1	1939.0	1944.39	+426.0	+0.22%
Jun 07, 2023 16:00	1946.6	1947.98	1940.18	1940.2	-640.0	-0.33%
Jun 07, 2023 12:00	1961.07	1969.82	1946.85	1947.04	-1403.0	-0.72%
Jun 07, 2023 08:00	1955.84	1966.3	1955.84	1961.13	+529.0	+0.27%
Jun 07, 2023 04:00	1963.33	1964.84	1955.06	1956.04	-729.0	-0.37%
Jun 07, 2023 00:00	1963.29	1966.24	1962.3	1963.27	-2.0	+0.00%
Jun 06, 2023 20:00	1963.18	1964.38	1961.9	1963.2	+2.0	+0.00%
Jun 06, 2023 16:00	1963.49	1966.2	1961.03	1963.19	-30.0	-0.02%
Jun 06, 2023 12:00	1962.73	1966.15	1954.43	1963.32	+59.0	+0.03%
Jun 06, 2023 08:00	1958.09	1964.83	1957.14	1962.8	+471.0	+0.24%
Jun 06, 2023 04:00	1959.37	1962.57	1956.97	1957.51	-186.0	-0.10%
Jun 06, 2023 00:00	1961.4	1964.36	1958.4	1959.19	-221.0	-0.11%
Jun 05, 2023 20:00	1961.11	1963.04	1960.1	1961.24	+13.0	+0.01%
Jun 05, 2023 16:00	1958.3	1963.88	1956.5	1961.15	+285.0	+0.15%
Jun 05, 2023 12:00	1942.23	1961.31	1938.21	1958.09	+1586.0	+0.81%
Jun 05, 2023 08:00	1939.54	1945.64	1938.41	1942.14	+260.0	+0.13%
Jun 05, 2023 04:00	1947.28	1947.28	1938.93	1940.12	-716.0	-0.37%
Jun 05, 2023 00:00	1949.27	1949.49	1943.9	1947.14	-213.0	-0.11%
Jun 04, 2023 20:00	1947.97	1950.6	1946.6	1949.3	+133.0	+0.07%
Jun 04, 2023 16:00	1950.6	1950.6	1947.97	1947.97	-263.0	-0.14%
Jun 02, 2023 20:00	1948.78	1948.91	1947.4	1948.0	-78.0	-0.04%
Jun 02, 2023 16:00	1961.87	1961.87	1947.4	1948.63	-1324.0	-0.68%
Jun 02, 2023 12:00	1978.95	1980.0	1961.18	1961.77	-1718.0	-0.88%
Jun 02, 2023 08:00	1975.74	1981.03	1974.8	1978.64	+290.0	+0.15%
Jun 02, 2023 04:00	1982.52	1982.63	1975.4	1975.91	-661.0	-0.33%
Jun 02, 2023 00:00	1977.15	1983.42	1973.3	1982.42	+527.0	+0.27%
Jun 01, 2023 20:00	1977.9	1978.25	1975.0	1976.87	-103.0	-0.05%
Jun 01, 2023 16:00	1982.12	1982.38	1975.66	1977.92	-420.0	-0.21%
Jun 01, 2023 12:00	1967.96	1983.0	1959.25	1981.91	+1395.0	+0.70%
Jun 01, 2023 08:00	1955.57	1968.12	1952.7	1967.88	+1231.0	+0.63%
Jun 01, 2023 04:00	1963.93	1965.63	1955.06	1955.48	-845.0	-0.43%
Jun 01, 2023 00:00	1966.22	1967.4	1962.17	1964.05	-217.0	-0.11%
May 31, 2023 20:00	1962.99	1966.82	1961.9	1966.31	+332.0	+0.17%
May 31, 2023 16:00	1968.88	1968.88	1961.9	1962.73	-615.0	-0.31%
May 31, 2023 12:00	1960.33	1974.38	1959.93	1968.66	+833.0	+0.42%
May 31, 2023 08:00	1955.85	1960.61	1954.2	1960.12	+427.0	+0.22%
May 31, 2023 04:00	1958.0	1965.03	1955.7	1956.16	-184.0	-0.09%
May 31, 2023 00:00	1958.5	1960.36	1953.6	1957.85	-65.0	-0.03%
May 30, 2023 20:00	1960.41	1960.41	1957.6	1958.6	-181.0	-0.09%
May 30, 2023 16:00	1962.08	1963.42	1957.4	1960.13	-195.0	-0.10%
May 30, 2023 12:00	1959.68	1961.93	1951.44	1961.93	+225.0	+0.11%
May 30, 2023 08:00	1942.29	1960.32	1941.87	1960.32	+1803.0	+0.92%
May 30, 2023 04:00	1939.27	1942.16	1932.11	1942.16	+289.0	+0.15%
May 30, 2023 00:00	1941.54	1946.54	1939.29	1939.65	-189.0	-0.10%
May 29, 2023 20:00	1942.84	1944.09	1940.9	1941.55	-129.0	-0.07%
May 29, 2023 16:00	1945.73	1945.73	1942.2	1942.84	-289.0	-0.15%
May 29, 2023 12:00	1946.28	1949.6	1944.91	1945.85	-43.0	-0.02%
May 29, 2023 08:00	1944.22	1946.51	1940.92	1946.33	+211.0	+0.11%
May 29, 2023 04:00	1945.36	1948.56	1943.9	1944.18	-118.0	-0.06%
May 29, 2023 00:00	1944.04	1945.97	1940.26	1945.48	+144.0	+0.07%
May 28, 2023 20:00	1945.3	1946.13	1941.1	1943.85	-145.0	-0.07%
May 28, 2023 16:00	1946.6	1946.6	1946.13	1946.13	-47.0	-0.02%
May 26, 2023 20:00	1947.12	1947.41	1945.6	1946.07	-105.0	-0.05%
May 26, 2023 16:00	1943.65	1947.41	1942.4	1947.3	+365.0	+0.19%
May 26, 2023 12:00	1948.96	1951.22	1938.85	1943.32	-564.0	-0.29%
May 26, 2023 08:00	1956.62	1956.62	1956.62	1956.62	+0.0	+0.00%
May 26, 2023 04:00	1948.48	1948.6	1948.48	1948.6	+12.0	+0.01%
May 26, 2023 00:00	1940.92	1940.92	1940.92	1940.92	+0.0	+0.00%
May 25, 2023 20:00	1940.26	1943.03	1938.6	1940.37	+11.0	+0.01%
May 25, 2023 16:00	1945.38	1946.77	1938.81	1940.06	-532.0	-0.27%
May 25, 2023 12:00	1962.04	1962.87	1939.84	1944.53	-1751.0	-0.90%
May 25, 2023 08:00	1959.16	1964.62	1959.16	1961.66	+250.0	+0.13%
May 25, 2023 04:00	1957.14	1961.02	1954.92	1959.4	+226.0	+0.12%
May 25, 2023 00:00	1960.03	1960.03	1955.13	1957.26	-277.0	-0.14%
May 24, 2023 20:00	1959.63	1961.69	1956.4	1959.9	+27.0	+0.01%
May 24, 2023 16:00	1962.79	1965.12	1956.78	1959.22	-357.0	-0.18%
May 24, 2023 12:00	1981.85	1984.92	1960.51	1962.94	-1891.0	-0.96%
May 24, 2023 08:00	1973.79	1981.94	1973.3	1981.86	+807.0	+0.41%
May 24, 2023 04:00	1976.47	1980.33	1970.73	1973.99	-248.0	-0.13%
May 24, 2023 00:00	1975.19	1976.83	1972.5	1976.15	+96.0	+0.05%
May 23, 2023 20:00	1975.22	1977.17	1973.6	1975.0	-22.0	-0.01%
May 23, 2023 16:00	1966.62	1977.35	1965.5	1974.77	+815.0	+0.41%
May 23, 2023 12:00	1958.98	1973.16	1957.83	1967.28	+830.0	+0.42%
May 23, 2023 08:00	1956.59	1961.01	1954.4	1958.69	+210.0	+0.11%
May 23, 2023 04:00	1962.65	1964.26	1954.7	1957.17	-548.0	-0.28%
May 23, 2023 00:00	1969.94	1971.65	1959.8	1962.85	-709.0	-0.36%
May 22, 2023 20:00	1972.19	1972.46	1969.0	1969.58	-261.0	-0.13%
May 22, 2023 16:00	1972.71	1978.35	1971.67	1972.06	-65.0	-0.03%
May 22, 2023 12:00	1972.94	1978.59	1969.47	1972.38	-56.0	-0.03%
May 22, 2023 08:00	1976.65	1982.32	1970.51	1972.88	-377.0	-0.19%
May 22, 2023 04:00	1977.63	1978.65	1971.4	1976.45	-118.0	-0.06%
May 22, 2023 00:00	1981.07	1982.09	1976.5	1977.73	-334.0	-0.17%
May 21, 2023 20:00	1977.6	1981.36	1977.51	1980.73	+313.0	+0.16%
May 21, 2023 16:00	1980.1	1980.1	1977.64	1980.1	+0.0	+0.00%
May 19, 2023 20:00	1976.18	1977.64	1975.46	1977.58	+140.0	+0.07%
May 19, 2023 16:00	1974.65	1983.16	1973.14	1976.2	+155.0	+0.08%
May 19, 2023 12:00	1962.7	1983.42	1957.3	1973.78	+1108.0	+0.56%
May 19, 2023 08:00	1966.79	1967.86	1961.9	1963.69	-310.0	-0.16%
May 19, 2023 04:00	1963.3	1968.55	1960.4	1966.86	+356.0	+0.18%
May 19, 2023 00:00	1958.38	1963.4	1954.03	1963.18	+480.0	+0.24%
May 18, 2023 20:00	1957.25	1959.08	1956.3	1958.3	+105.0	+0.05%
May 18, 2023 16:00	1956.41	1958.83	1954.01	1957.4	+99.0	+0.05%
May 18, 2023 12:00	1972.8	1974.58	1951.8	1956.52	-1628.0	-0.83%
May 18, 2023 08:00	1974.14	1978.78	1972.22	1974.03	-11.0	-0.01%
May 18, 2023 04:00	1982.56	1982.56	1974.05	1974.45	-811.0	-0.41%
May 18, 2023 00:00	1982.62	1985.76	1981.3	1982.22	-40.0	-0.02%
May 17, 2023 20:00	1982.97	1983.49	1980.2	1982.62	-35.0	-0.02%
May 17, 2023 16:00	1980.02	1984.42	1979.5	1983.12	+310.0	+0.16%
May 17, 2023 12:00	1987.62	1987.83	1975.2	1980.42	-720.0	-0.36%
May 17, 2023 08:00	1987.74	1989.02	1982.7	1987.44	-30.0	-0.02%
May 17, 2023 04:00	1991.29	1992.04	1986.91	1987.65	-364.0	-0.18%
May 17, 2023 00:00	1988.8	1992.87	1988.8	1991.39	+259.0	+0.13%
May 16, 2023 20:00	1989.93	1991.05	1987.8	1989.5	-43.0	-0.02%
May 16, 2023 16:00	1995.67	1996.85	1984.7	1990.47	-520.0	-0.26%
May 16, 2023 12:00	2005.53	2014.32	1995.08	1996.07	-946.0	-0.47%
May 16, 2023 08:00	2009.74	2010.13	2005.24	2005.44	-430.0	-0.21%
May 16, 2023 04:00	2016.82	2017.27	2003.44	2009.93	-689.0	-0.34%
May 16, 2023 00:00	2014.35	2018.21	2013.6	2016.93	+258.0	+0.13%
May 15, 2023 20:00	2015.18	2016.28	2013.7	2014.35	-83.0	-0.04%
May 15, 2023 16:00	2017.69	2021.31	2013.8	2015.19	-250.0	-0.12%
May 15, 2023 12:00	2013.0	2021.82	2011.5	2017.65	+465.0	+0.23%
May 15, 2023 08:00	2018.4	2020.54	2011.95	2013.18	-522.0	-0.26%
May 15, 2023 04:00	2014.06	2019.95	2012.5	2018.22	+416.0	+0.21%
May 15, 2023 00:00	2009.53	2018.68	2008.63	2013.97	+444.0	+0.22%
May 14, 2023 20:00	2010.6	2026.59	2007.21	2009.72	-88.0	-0.04%
May 14, 2023 16:00	2010.6	2010.6	2010.6	2010.6	+0.0	+0.00%
May 12, 2023 20:00	2010.66	2011.43	2009.6	2010.86	+20.0	+0.01%
May 12, 2023 16:00	2009.21	2016.25	2008.34	2010.9	+169.0	+0.08%
May 12, 2023 12:00	2004.52	2022.06	2003.66	2009.3	+478.0	+0.24%
May 12, 2023 08:00	2008.99	2009.62	2000.91	2004.78	-421.0	-0.21%
May 12, 2023 04:00	2011.61	2012.48	2005.76	2008.81	-280.0	-0.14%
May 12, 2023 00:00	2016.37	2017.42	2008.84	2011.53	-484.0	-0.24%
May 11, 2023 20:00	2014.23	2016.26	2013.2	2016.24	+201.0	+0.10%
May 11, 2023 16:00	2013.47	2017.87	2012.7	2014.05	+58.0	+0.03%
May 11, 2023 12:00	2036.86	2039.93	2011.07	2013.99	-2287.0	-1.14%
May 11, 2023 08:00	2025.67	2038.9	2021.7	2036.66	+1099.0	+0.54%
May 11, 2023 04:00	2032.4	2033.0	2022.0	2025.6	-680.0	-0.34%
May 11, 2023 00:00	2031.21	2036.15	2030.8	2032.31	+110.0	+0.05%
May 10, 2023 20:00	2030.1	2032.05	2028.5	2031.36	+126.0	+0.06%
May 10, 2023 16:00	2024.2	2034.04	2024.2	2031.05	+685.0	+0.34%
May 10, 2023 12:00	2029.39	2048.01	2021.61	2024.97	-442.0	-0.22%
May 10, 2023 08:00	2031.79	2032.04	2026.27	2029.21	-258.0	-0.13%
May 10, 2023 04:00	2031.54	2032.71	2027.2	2031.77	+23.0	+0.01%
May 10, 2023 00:00	2036.57	2038.17	2030.3	2031.52	-505.0	-0.25%
May 09, 2023 20:00	2034.32	2037.07	2033.4	2036.27	+195.0	+0.10%
May 09, 2023 16:00	2027.03	2037.46	2026.83	2034.32	+729.0	+0.36%
May 09, 2023 12:00	2031.09	2031.94	2022.6	2026.83	-426.0	-0.21%
May 09, 2023 08:00	2024.29	2032.54	2021.39	2031.01	+672.0	+0.33%
May 09, 2023 04:00	2024.93	2028.61	2021.83	2024.57	-36.0	-0.02%
May 09, 2023 00:00	2021.0	2024.92	2019.0	2024.92	+392.0	+0.19%
May 08, 2023 20:00	2020.63	2022.35	2019.7	2021.22	+59.0	+0.03%
May 08, 2023 16:00	2027.19	2029.18	2020.2	2020.38	-681.0	-0.34%
May 08, 2023 12:00	2022.51	2029.18	2018.24	2026.89	+438.0	+0.22%
May 08, 2023 08:00	2021.4	2025.23	2020.13	2022.12	+72.0	+0.04%
May 08, 2023 04:00	2023.3	2024.5	2020.37	2021.73	-157.0	-0.08%
May 08, 2023 00:00	2015.8	2023.85	2015.23	2023.17	+737.0	+0.36%
May 07, 2023 20:00	2016.67	2050.25	2014.0	2015.95	-72.0	-0.04%
May 07, 2023 16:00	2016.67	2016.67	2016.67	2016.67	+0.0	+0.00%
May 05, 2023 20:00	2017.62	2018.59	2015.4	2016.58	-104.0	-0.05%
May 05, 2023 16:00	2015.29	2018.74	2012.6	2017.77	+248.0	+0.12%
May 05, 2023 12:00	2035.35	2038.25	1999.63	2015.01	-2034.0	-1.01%
May 05, 2023 08:00	2040.93	2041.48	2034.8	2035.4	-553.0	-0.27%
May 05, 2023 04:00	2049.83	2051.02	2039.35	2040.52	-931.0	-0.46%
May 05, 2023 00:00	2049.79	2052.75	2045.46	2049.91	+12.0	+0.01%
May 04, 2023 20:00	2049.55	2050.8	2046.5	2049.8	+25.0	+0.01%
May 04, 2023 16:00	2051.47	2053.97	2044.49	2049.53	-194.0	-0.09%
May 04, 2023 12:00	2041.43	2059.39	2032.22	2051.06	+963.0	+0.47%
May 04, 2023 08:00	2034.58	2044.84	2031.23	2041.99	+741.0	+0.36%
May 04, 2023 04:00	2040.69	2045.36	2030.77	2034.93	-576.0	-0.28%
May 04, 2023 00:00	2052.78	2056.96	2038.55	2040.82	-1196.0	-0.59%
May 03, 2023 20:00	2034.24	2071.32	2028.4	2051.93	+1769.0	+0.86%
May 03, 2023 16:00	2023.53	2035.67	2017.41	2035.03	+1150.0	+0.57%
May 03, 2023 12:00	2015.86	2026.71	2008.9	2023.39	+753.0	+0.37%
May 03, 2023 08:00	2014.81	2017.37	2014.38	2015.64	+83.0	+0.04%
May 03, 2023 04:00	2018.21	2019.27	2012.95	2014.66	-355.0	-0.18%
May 03, 2023 00:00	2015.1	2018.59	2013.9	2018.41	+331.0	+0.16%
May 02, 2023 20:00	2018.01	2018.01	2014.6	2015.84	-217.0	-0.11%
May 02, 2023 16:00	2013.88	2018.94	2011.2	2018.21	+433.0	+0.21%
May 02, 2023 12:00	1986.18	2014.66	1984.55	2014.66	+2848.0	+1.41%
May 02, 2023 08:00	1981.44	1989.97	1978.5	1986.06	+462.0	+0.23%
May 02, 2023 04:00	1982.09	1985.62	1980.53	1981.36	-73.0	-0.04%
May 02, 2023 00:00	1981.63	1985.02	1981.1	1982.09	+46.0	+0.02%
May 01, 2023 20:00	1980.03	1983.16	1979.4	1981.13	+110.0	+0.06%
May 01, 2023 16:00	1983.22	1983.82	1979.0	1980.17	-305.0	-0.15%
May 01, 2023 12:00	1988.93	2005.35	1980.73	1982.52	-641.0	-0.32%
May 01, 2023 08:00	1980.0	1989.82	1977.12	1988.93	+893.0	+0.45%
May 01, 2023 04:00	1983.1	1986.23	1978.2	1980.64	-246.0	-0.12%
May 01, 2023 00:00	1986.95	1987.32	1980.7	1983.24	-371.0	-0.19%
Apr 30, 2023 20:00	1989.42	2008.25	1986.2	1986.72	-270.0	-0.14%
Apr 30, 2023 16:00	1989.42	1989.42	1989.42	1989.42	+0.0	+0.00%
Apr 28, 2023 20:00	1989.28	1989.72	1987.92	1989.44	+16.0	+0.01%
Apr 28, 2023 16:00	1991.45	1993.8	1987.2	1989.18	-227.0	-0.11%
Apr 28, 2023 12:00	1983.66	1994.59	1977.07	1991.9	+824.0	+0.41%
Apr 28, 2023 08:00	1982.44	1984.8	1979.95	1983.27	+83.0	+0.04%
Apr 28, 2023 04:00	1988.62	1989.22	1981.68	1982.13	-649.0	-0.33%
Apr 28, 2023 00:00	1987.17	1991.17	1984.5	1988.82	+165.0	+0.08%
Apr 27, 2023 20:00	1987.82	1988.52	1985.8	1986.97	-85.0	-0.04%
Apr 27, 2023 16:00	1982.06	1990.61	1980.9	1988.38	+632.0	+0.32%
Apr 27, 2023 12:00	1996.68	1998.46	1975.03	1982.09	-1459.0	-0.74%
Apr 27, 2023 08:00	1999.39	2001.07	1995.98	1996.75	-264.0	-0.13%
Apr 27, 2023 04:00	1999.88	2003.07	1997.2	1999.44	-44.0	-0.02%
Apr 27, 2023 00:00	1991.52	2000.77	1989.55	2000.13	+861.0	+0.43%
Apr 26, 2023 20:00	1987.97	1991.83	1987.15	1991.62	+365.0	+0.18%
Apr 26, 2023 16:00	1991.73	1992.5	1983.51	1988.09	-364.0	-0.18%
Apr 26, 2023 12:00	1996.05	2008.06	1992.45	1992.45	-360.0	-0.18%
Apr 26, 2023 08:00	1997.0	2001.4	1991.76	1995.8	-120.0	-0.06%
Apr 26, 2023 04:00	1994.18	1999.18	1993.8	1997.92	+374.0	+0.19%
Apr 26, 2023 00:00	2000.44	2002.3	1992.9	1994.23	-621.0	-0.31%
Apr 25, 2023 20:00	1998.86	2001.01	1995.7	2000.07	+121.0	+0.06%
Apr 25, 2023 16:00	1990.29	2003.6	1988.43	1998.94	+865.0	+0.43%
Apr 25, 2023 12:00	1977.32	1994.22	1975.91	1989.84	+1252.0	+0.63%
Apr 25, 2023 08:00	1990.32	1990.74	1976.85	1977.59	-1273.0	-0.64%
Apr 25, 2023 04:00	1991.9	1997.16	1987.8	1989.92	-198.0	-0.10%
Apr 25, 2023 00:00	1994.97	2000.41	1992.8	1992.97	-200.0	-0.10%
Apr 24, 2023 20:00	1988.36	1996.39	1987.5	1995.35	+699.0	+0.35%
Apr 24, 2023 16:00	1984.76	1990.74	1984.5	1988.64	+388.0	+0.20%
Apr 24, 2023 12:00	1983.08	1986.83	1974.76	1984.82	+174.0	+0.09%
Apr 24, 2023 08:00	1982.62	1986.79	1980.93	1982.73	+11.0	+0.01%
Apr 24, 2023 04:00	1980.69	1983.02	1976.45	1982.57	+188.0	+0.09%
Apr 24, 2023 00:00	1984.62	1984.62	1978.59	1980.73	-389.0	-0.20%
Apr 23, 2023 20:00	1982.88	2001.25	1981.1	1984.59	+171.0	+0.09%
Apr 23, 2023 16:00	2001.9	2001.9	1982.88	1982.88	-1902.0	-0.96%
Apr 21, 2023 20:00	1982.43	1983.37	1981.3	1982.91	+48.0	+0.02%
Apr 21, 2023 16:00	1976.03	1982.81	1974.33	1982.63	+660.0	+0.33%
Apr 21, 2023 12:00	1987.85	1997.12	1972.01	1975.84	-1201.0	-0.61%
Apr 21, 2023 08:00	1986.94	1992.12	1984.31	1987.93	+99.0	+0.05%
Apr 21, 2023 04:00	2001.3	2002.24	1982.98	1986.7	-1460.0	-0.73%
Apr 21, 2023 00:00	2005.27	2005.38	2000.4	2002.1	-317.0	-0.16%
Apr 20, 2023 20:00	2003.31	2005.66	2001.8	2004.97	+166.0	+0.08%
Apr 20, 2023 16:00	2002.98	2008.35	2002.3	2003.0	+2.0	+0.00%
Apr 20, 2023 12:00	2000.58	2012.1	1997.55	2002.56	+198.0	+0.10%
Apr 20, 2023 08:00	1996.5	2004.48	1992.54	2001.22	+472.0	+0.24%
Apr 20, 2023 04:00	1992.96	2000.64	1991.44	1996.99	+403.0	+0.20%
Apr 20, 2023 00:00	1993.63	1998.26	1990.59	1992.63	-100.0	-0.05%
Apr 19, 2023 20:00	1994.22	1995.69	1992.9	1993.6	-62.0	-0.03%
Apr 19, 2023 16:00	1990.51	1996.63	1990.3	1994.25	+374.0	+0.19%
Apr 19, 2023 12:00	1970.13	1995.84	1969.74	1990.94	+2081.0	+1.05%
Apr 19, 2023 08:00	1990.78	1991.36	1969.4	1970.52	-2026.0	-1.03%
Apr 19, 2023 04:00	2003.56	2004.32	1988.0	1991.36	-1220.0	-0.61%
Apr 19, 2023 00:00	2005.74	2007.9	2001.7	2002.93	-281.0	-0.14%
Apr 18, 2023 20:00	2004.21	2006.05	2003.7	2005.48	+127.0	+0.06%
Apr 18, 2023 16:00	2007.5	2008.4	2003.3	2004.18	-332.0	-0.17%
Apr 18, 2023 12:00	2003.49	2011.58	1991.37	2008.2	+471.0	+0.23%
Apr 18, 2023 08:00	2002.32	2004.88	1999.18	2004.01	+169.0	+0.08%
Apr 18, 2023 04:00	2000.31	2003.76	1996.64	2002.11	+180.0	+0.09%
Apr 18, 2023 00:00	1993.87	2001.53	1993.2	2000.19	+632.0	+0.32%
Apr 17, 2023 20:00	1995.59	1996.45	1993.3	1993.9	-169.0	-0.08%
Apr 17, 2023 16:00	1990.16	1996.89	1987.2	1996.42	+626.0	+0.31%
Apr 17, 2023 12:00	2009.17	2010.26	1981.46	1990.1	-1907.0	-0.96%
Apr 17, 2023 08:00	2010.54	2012.64	2005.36	2009.08	-146.0	-0.07%
Apr 17, 2023 04:00	2004.52	2014.83	2003.2	2010.76	+624.0	+0.31%
Apr 17, 2023 00:00	2002.62	2005.94	1996.06	2004.51	+189.0	+0.09%
Apr 16, 2023 20:00	2004.03	2022.75	1998.3	2002.8	-123.0	-0.06%
Apr 16, 2023 16:00	2004.03	2004.03	2004.03	2004.03	+0.0	+0.00%
Apr 14, 2023 20:00	2005.31	2005.63	2003.1	2004.11	-120.0	-0.06%
Apr 14, 2023 16:00	1995.54	2007.81	1992.31	2005.39	+985.0	+0.49%
Apr 14, 2023 12:00	2033.57	2037.79	1994.12	1995.65	-3792.0	-1.90%
Apr 14, 2023 08:00	2039.25	2041.91	2031.6	2033.19	-606.0	-0.30%
Apr 14, 2023 04:00	2044.85	2046.43	2036.7	2039.22	-563.0	-0.28%
Apr 14, 2023 00:00	2039.56	2047.27	2038.65	2044.92	+536.0	+0.26%
Apr 13, 2023 20:00	2039.5	2040.97	2038.7	2039.89	+39.0	+0.02%
Apr 13, 2023 16:00	2038.95	2044.02	2036.6	2040.61	+166.0	+0.08%
Apr 13, 2023 12:00	2028.38	2047.65	2027.4	2038.84	+1046.0	+0.51%
Apr 13, 2023 08:00	2024.44	2028.92	2024.44	2028.5	+406.0	+0.20%
Apr 13, 2023 04:00	2017.39	2025.36	2015.3	2024.56	+717.0	+0.35%
Apr 13, 2023 00:00	2018.1	2019.45	2015.64	2017.19	-91.0	-0.05%
Apr 12, 2023 20:00	2013.69	2018.34	2012.9	2018.09	+440.0	+0.22%
Apr 12, 2023 16:00	2005.3	2017.9	2005.3	2013.92	+862.0	+0.43%
Apr 12, 2023 12:00	2007.78	2027.23	2001.2	2005.98	-180.0	-0.09%
Apr 12, 2023 08:00	2013.08	2013.62	2007.1	2007.94	-514.0	-0.26%
Apr 12, 2023 04:00	2017.1	2021.02	2011.69	2013.08	-402.0	-0.20%
Apr 12, 2023 00:00	2004.87	2019.32	2002.8	2017.26	+1239.0	+0.61%
Apr 11, 2023 20:00	2004.0	2004.98	2002.2	2004.63	+63.0	+0.03%
Apr 11, 2023 16:00	2004.09	2006.51	2001.04	2003.67	-42.0	-0.02%
Apr 11, 2023 12:00	2000.44	2006.1	1995.7	2004.09	+365.0	+0.18%
Apr 11, 2023 08:00	2002.16	2007.13	1999.1	2000.67	-149.0	-0.07%
Apr 11, 2023 04:00	1997.43	2003.49	1996.7	2002.04	+461.0	+0.23%
Apr 11, 2023 00:00	1992.3	1998.11	1988.4	1997.41	+511.0	+0.26%
Apr 10, 2023 20:00	1991.34	1992.37	1989.6	1992.37	+103.0	+0.05%
Apr 10, 2023 16:00	1988.6	1992.74	1987.16	1991.58	+298.0	+0.15%
Apr 10, 2023 12:00	2001.68	2001.85	1981.92	1988.61	-1307.0	-0.66%
Apr 10, 2023 08:00	1997.32	2002.79	1995.81	2001.51	+419.0	+0.21%
Apr 10, 2023 04:00	1990.78	1997.41	1988.8	1997.11	+633.0	+0.32%
Apr 10, 2023 00:00	2005.17	2005.71	1988.7	1990.78	-1439.0	-0.72%
Apr 09, 2023 20:00	2007.05	2019.65	1991.22	2005.49	-156.0	-0.08%
Apr 09, 2023 16:00	2020.3	2020.3	2007.05	2007.05	-1325.0	-0.66%
Apr 07, 2023 20:00	2007.05	2007.24	2007.05	2007.24	+19.0	+0.01%
Apr 06, 2023 20:00	2006.52	2007.97	2005.73	2007.56	+104.0	+0.05%
Apr 06, 2023 16:00	2010.84	2014.57	2006.29	2006.37	-447.0	-0.22%
Apr 06, 2023 12:00	2018.48	2018.72	2000.4	2011.32	-716.0	-0.36%
Apr 06, 2023 08:00	2016.13	2020.87	2014.96	2018.26	+213.0	+0.11%
Apr 06, 2023 04:00	2011.28	2017.88	2009.7	2016.37	+509.0	+0.25%
Apr 06, 2023 00:00	2020.34	2020.34	2008.05	2011.26	-908.0	-0.45%
Apr 05, 2023 20:00	2020.97	2021.42	2018.1	2020.23	-74.0	-0.04%
Apr 05, 2023 16:00	2021.93	2023.84	2019.11	2021.03	-90.0	-0.04%
Apr 05, 2023 12:00	2023.03	2031.9	2011.36	2021.7	-133.0	-0.07%
Apr 05, 2023 08:00	2025.16	2027.96	2021.5	2023.22	-194.0	-0.10%
Apr 05, 2023 04:00	2022.85	2028.25	2022.1	2025.27	+242.0	+0.12%
Apr 05, 2023 00:00	2021.48	2025.13	2018.7	2022.94	+146.0	+0.07%
Apr 04, 2023 20:00	2021.54	2023.46	2019.0	2021.6	+6.0	+0.00%
Apr 04, 2023 16:00	2019.94	2024.8	2017.5	2021.6	+166.0	+0.08%
Apr 04, 2023 12:00	1982.01	2024.77	1981.15	2020.31	+3830.0	+1.90%
Apr 04, 2023 08:00	1982.19	1984.2	1978.79	1981.78	-41.0	-0.02%
Apr 04, 2023 04:00	1978.06	1983.39	1977.2	1982.23	+417.0	+0.21%
Apr 04, 2023 00:00	1984.6	1985.15	1977.3	1978.15	-645.0	-0.33%
Apr 03, 2023 20:00	1985.36	1985.73	1982.9	1984.77	-59.0	-0.03%
Apr 03, 2023 16:00	1987.89	1990.39	1981.21	1985.44	-245.0	-0.12%
Apr 03, 2023 12:00	1977.83	1990.34	1972.8	1988.64	+1081.0	+0.54%
Apr 03, 2023 08:00	1961.41	1978.54	1961.19	1978.54	+1713.0	+0.87%
Apr 03, 2023 04:00	1951.72	1961.75	1950.0	1961.16	+944.0	+0.48%
Apr 03, 2023 00:00	1957.54	1964.31	1949.8	1951.71	-583.0	-0.30%
Apr 02, 2023 20:00	1969.3	1972.95	1957.54	1957.65	-1165.0	-0.60%
Apr 02, 2023 16:00	1969.3	1969.3	1969.3	1969.3	+0.0	+0.00%
Mar 31, 2023 20:00	1970.43	1970.43	1968.3	1969.22	-121.0	-0.06%
Mar 31, 2023 16:00	1979.39	1979.58	1966.89	1970.63	-876.0	-0.44%
Mar 31, 2023 12:00	1980.07	1986.75	1974.91	1979.58	-49.0	-0.02%
Mar 31, 2023 08:00	1975.01	1981.74	1973.19	1980.11	+510.0	+0.26%
Mar 31, 2023 04:00	1981.1	1984.6	1974.89	1975.2	-590.0	-0.30%
Mar 31, 2023 00:00	1978.21	1983.36	1977.0	1981.14	+293.0	+0.15%
Mar 30, 2023 20:00	1981.44	1981.87	1978.03	1978.39	-305.0	-0.15%
Mar 30, 2023 16:00	1974.88	1983.9	1974.01	1981.47	+659.0	+0.33%
Mar 30, 2023 12:00	1968.31	1974.91	1963.9	1974.74	+643.0	+0.33%
Mar 30, 2023 08:00	1966.36	1970.79	1964.95	1968.56	+220.0	+0.11%
Mar 30, 2023 04:00	1959.64	1971.22	1958.8	1966.63	+699.0	+0.36%
Mar 30, 2023 00:00	1963.1	1963.28	1955.6	1959.47	-363.0	-0.19%
Mar 29, 2023 20:00	1963.62	1964.79	1962.4	1963.15	-47.0	-0.02%
Mar 29, 2023 16:00	1962.27	1969.08	1961.21	1963.57	+130.0	+0.07%
Mar 29, 2023 12:00	1967.03	1971.43	1959.9	1961.89	-514.0	-0.26%
Mar 29, 2023 08:00	1960.4	1969.06	1960.4	1966.58	+618.0	+0.31%
Mar 29, 2023 04:00	1965.7	1968.68	1958.79	1961.61	-409.0	-0.21%
Mar 29, 2023 00:00	1972.27	1972.73	1965.7	1966.43	-584.0	-0.30%
Mar 28, 2023 20:00	1973.99	1974.23	1970.7	1971.86	-213.0	-0.11%
Mar 28, 2023 16:00	1966.82	1975.09	1965.62	1973.42	+660.0	+0.33%
Mar 28, 2023 12:00	1957.12	1969.53	1956.92	1966.46	+934.0	+0.47%
Mar 28, 2023 08:00	1953.63	1958.4	1948.5	1956.96	+333.0	+0.17%
Mar 28, 2023 04:00	1959.68	1960.67	1952.03	1953.88	-580.0	-0.30%
Mar 28, 2023 00:00	1958.2	1963.88	1957.1	1959.64	+144.0	+0.07%
Mar 27, 2023 20:00	1957.48	1958.08	1955.1	1958.02	+54.0	+0.03%
Mar 27, 2023 16:00	1956.85	1959.3	1950.77	1957.46	+61.0	+0.03%
Mar 27, 2023 12:00	1953.62	1958.54	1944.42	1957.03	+341.0	+0.17%
Mar 27, 2023 08:00	1970.69	1971.92	1948.49	1954.14	-1655.0	-0.85%
Mar 27, 2023 04:00	1974.63	1975.38	1966.3	1971.29	-334.0	-0.17%
Mar 27, 2023 00:00	1975.63	1978.3	1971.9	1974.48	-115.0	-0.06%
Mar 26, 2023 20:00	1981.38	1981.38	1969.54	1975.72	-566.0	-0.29%
Mar 26, 2023 16:00	1981.7	1981.7	1978.32	1981.38	-32.0	-0.02%
Mar 24, 2023 20:00	1976.36	1978.94	1974.7	1978.42	+206.0	+0.10%
Mar 24, 2023 16:00	1986.71	1990.37	1975.3	1975.91	-1080.0	-0.55%
Mar 24, 2023 12:00	1995.56	2002.82	1986.12	1987.36	-820.0	-0.41%
Mar 24, 2023 08:00	1988.8	2000.14	1981.83	1995.73	+693.0	+0.35%
Mar 24, 2023 04:00	1992.84	1993.29	1984.7	1989.45	-339.0	-0.17%
Mar 24, 2023 00:00	1991.37	1994.56	1989.5	1992.98	+161.0	+0.08%
Mar 23, 2023 20:00	1998.29	1998.31	1989.2	1991.23	-706.0	-0.35%
Mar 23, 2023 16:00	1983.95	2003.22	1982.81	1997.85	+1390.0	+0.70%
Mar 23, 2023 12:00	1978.53	1986.69	1966.58	1984.83	+630.0	+0.32%
Mar 23, 2023 08:00	1976.53	1980.27	1974.4	1978.3	+177.0	+0.09%
Mar 23, 2023 04:00	1976.86	1983.34	1974.3	1977.32	+46.0	+0.02%
Mar 23, 2023 00:00	1969.94	1977.51	1966.6	1976.73	+679.0	+0.34%
Mar 22, 2023 20:00	1972.63	1974.66	1964.7	1969.57	-306.0	-0.16%
Mar 22, 2023 16:00	1947.13	1977.88	1944.93	1972.53	+2540.0	+1.29%
Mar 22, 2023 12:00	1942.28	1951.47	1937.14	1947.18	+490.0	+0.25%
Mar 22, 2023 08:00	1939.7	1945.46	1939.7	1942.24	+254.0	+0.13%
Mar 22, 2023 04:00	1939.4	1943.31	1934.65	1940.11	+71.0	+0.04%
Mar 22, 2023 00:00	1943.12	1945.83	1937.4	1939.69	-343.0	-0.18%
Mar 21, 2023 20:00	1940.02	1943.88	1938.9	1942.81	+279.0	+0.14%
Mar 21, 2023 16:00	1947.55	1948.69	1935.51	1940.54	-701.0	-0.36%
Mar 21, 2023 12:00	1966.92	1966.92	1944.1	1948.41	-1851.0	-0.95%
Mar 21, 2023 08:00	1970.16	1970.76	1963.79	1965.99	-417.0	-0.21%
Mar 21, 2023 04:00	1983.74	1983.84	1970.76	1970.76	-1298.0	-0.66%
Mar 21, 2023 00:00	1977.26	1984.78	1975.73	1983.89	+663.0	+0.33%
Mar 20, 2023 20:00	1978.24	1979.84	1975.6	1976.52	-172.0	-0.09%
Mar 20, 2023 16:00	1973.82	1984.25	1973.12	1977.35	+353.0	+0.18%
Mar 20, 2023 12:00	1983.69	1986.18	1966.12	1973.46	-1023.0	-0.52%
Mar 20, 2023 08:00	2003.64	2005.41	1973.99	1983.65	-1999.0	-1.01%
Mar 20, 2023 04:00	1973.25	2009.23	1972.8	2002.97	+2972.0	+1.48%
Mar 20, 2023 00:00	1976.47	1978.26	1968.1	1973.24	-323.0	-0.16%
Mar 19, 2023 20:00	2009.79	2009.79	1975.4	1976.55	-3324.0	-1.68%
Mar 19, 2023 16:00	1988.78	2009.79	1988.78	2009.79	+2101.0	+1.05%
Mar 17, 2023 20:00	1975.6	1988.78	1975.36	1987.46	+1186.0	+0.60%
Mar 17, 2023 16:00	1958.12	1987.16	1954.4	1976.83	+1871.0	+0.95%
Mar 17, 2023 12:00	1935.01	1964.87	1935.01	1959.13	+2412.0	+1.23%
Mar 17, 2023 08:00	1930.35	1936.9	1927.1	1934.86	+451.0	+0.23%
Mar 17, 2023 04:00	1927.48	1933.77	1927.13	1930.18	+270.0	+0.14%
Mar 17, 2023 00:00	1921.34	1929.57	1918.48	1927.51	+617.0	+0.32%
Mar 16, 2023 20:00	1920.28	1921.93	1918.4	1921.3	+102.0	+0.05%
Mar 16, 2023 16:00	1918.51	1920.99	1914.41	1920.54	+203.0	+0.11%
Mar 16, 2023 12:00	1926.6	1932.68	1913.72	1919.65	-695.0	-0.36%
Mar 16, 2023 08:00	1917.82	1926.8	1915.98	1926.8	+898.0	+0.47%
Mar 16, 2023 04:00	1913.2	1920.52	1911.5	1916.83	+363.0	+0.19%
Mar 16, 2023 00:00	1921.46	1924.3	1907.66	1912.77	-869.0	-0.45%
Mar 15, 2023 20:00	1916.58	1922.76	1915.9	1921.03	+445.0	+0.23%
Mar 15, 2023 16:00	1926.74	1937.02	1909.34	1916.57	-1017.0	-0.53%
Mar 15, 2023 12:00	1917.83	1930.09	1917.28	1927.04	+921.0	+0.48%
Mar 15, 2023 08:00	1896.44	1918.69	1886.09	1917.17	+2073.0	+1.08%
Mar 15, 2023 04:00	1902.4	1903.31	1896.31	1896.73	-567.0	-0.30%
Mar 15, 2023 00:00	1902.45	1905.4	1899.2	1902.82	+37.0	+0.02%
Mar 14, 2023 20:00	1902.36	1904.81	1902.36	1903.02	+66.0	+0.03%
Mar 14, 2023 16:00	1904.24	1909.92	1901.7	1902.34	-190.0	-0.10%
Mar 14, 2023 12:00	1904.17	1911.35	1896.25	1904.31	+14.0	+0.01%
Mar 14, 2023 08:00	1912.51	1913.14	1900.8	1903.86	-865.0	-0.45%
Mar 14, 2023 04:00	1902.84	1913.19	1901.2	1912.55	+971.0	+0.51%
Mar 14, 2023 00:00	1911.76	1913.93	1902.4	1902.81	-895.0	-0.47%
Mar 13, 2023 20:00	1913.37	1913.99	1909.1	1912.13	-124.0	-0.06%
Mar 13, 2023 16:00	1904.26	1914.4	1903.52	1913.21	+895.0	+0.47%
Mar 13, 2023 12:00	1889.8	1913.0	1887.82	1904.28	+1448.0	+0.76%
Mar 13, 2023 08:00	1876.2	1893.69	1875.53	1889.69	+1349.0	+0.71%
Mar 13, 2023 04:00	1882.78	1883.48	1871.59	1876.33	-645.0	-0.34%
Mar 13, 2023 00:00	1876.65	1888.48	1872.16	1882.56	+591.0	+0.31%
Mar 12, 2023 20:00	1869.59	1893.75	1869.59	1877.59	+800.0	+0.43%
Mar 12, 2023 16:00	1869.6	1869.6	1866.99	1869.59	-1.0	+0.00%
Mar 10, 2023 20:00	1863.91	1869.82	1863.41	1867.05	+314.0	+0.17%
Mar 10, 2023 16:00	1863.09	1865.12	1854.54	1863.5	+41.0	+0.02%
Mar 10, 2023 12:00	1834.16	1867.11	1831.99	1863.2	+2904.0	+1.56%
Mar 10, 2023 08:00	1834.13	1836.85	1831.07	1834.8	+67.0	+0.04%
Mar 10, 2023 04:00	1829.14	1834.65	1827.71	1833.34	+420.0	+0.23%
Mar 10, 2023 00:00	1831.48	1834.82	1827.8	1829.12	-236.0	-0.13%
Mar 09, 2023 20:00	1830.59	1832.24	1828.4	1831.37	+78.0	+0.04%
Mar 09, 2023 16:00	1828.44	1834.94	1825.66	1830.52	+208.0	+0.11%
Mar 09, 2023 12:00	1818.28	1835.09	1815.47	1828.43	+1015.0	+0.56%
Mar 09, 2023 08:00	1815.0	1820.26	1813.3	1818.68	+368.0	+0.20%
Mar 09, 2023 04:00	1813.68	1815.92	1812.2	1814.83	+115.0	+0.06%
Mar 09, 2023 00:00	1815.07	1816.25	1811.9	1813.66	-141.0	-0.08%
Mar 08, 2023 20:00	1816.09	1816.27	1812.9	1815.12	-97.0	-0.05%
Mar 08, 2023 16:00	1820.7	1821.76	1813.53	1816.23	-447.0	-0.25%
Mar 08, 2023 12:00	1815.03	1823.95	1812.44	1820.72	+569.0	+0.31%
Mar 08, 2023 08:00	1814.22	1816.49	1812.28	1814.9	+68.0	+0.04%
Mar 08, 2023 04:00	1810.25	1814.83	1809.6	1814.19	+394.0	+0.22%
Mar 08, 2023 00:00	1813.78	1813.96	1809.2	1809.76	-402.0	-0.22%
Mar 07, 2023 20:00	1814.01	1815.85	1812.5	1813.82	-19.0	-0.01%
Mar 07, 2023 16:00	1817.59	1822.87	1812.5	1813.6	-399.0	-0.22%
Mar 07, 2023 12:00	1841.76	1842.12	1815.67	1817.6	-2416.0	-1.33%
Mar 07, 2023 08:00	1848.61	1849.53	1840.8	1841.84	-677.0	-0.37%
Mar 07, 2023 04:00	1847.16	1851.36	1845.47	1848.34	+118.0	+0.06%
Mar 07, 2023 00:00	1845.36	1850.36	1844.0	1847.45	+209.0	+0.11%
Mar 06, 2023 20:00	1846.13	1847.16	1844.8	1846.29	+16.0	+0.01%
Mar 06, 2023 16:00	1850.95	1852.62	1845.15	1845.85	-510.0	-0.28%
Mar 06, 2023 12:00	1848.18	1853.82	1848.18	1851.13	+295.0	+0.16%
Mar 06, 2023 08:00	1856.04	1856.81	1847.27	1848.5	-754.0	-0.41%
Mar 06, 2023 04:00	1854.1	1857.96	1852.4	1856.26	+216.0	+0.12%
Mar 06, 2023 00:00	1852.31	1855.78	1850.4	1855.03	+272.0	+0.15%
Mar 05, 2023 20:00	1858.3	1858.31	1852.16	1852.19	-611.0	-0.33%
Mar 05, 2023 16:00	1858.3	1858.3	1856.3	1858.29	-1.0	+0.00%
Mar 03, 2023 20:00	1853.46	1856.3	1852.3	1855.18	+172.0	+0.09%
Mar 03, 2023 16:00	1844.52	1853.54	1843.7	1853.33	+881.0	+0.48%
Mar 03, 2023 12:00	1847.91	1848.42	1839.82	1844.47	-344.0	-0.19%
Mar 03, 2023 08:00	1842.93	1849.02	1842.67	1848.51	+558.0	+0.30%
Mar 03, 2023 04:00	1838.1	1844.66	1837.1	1842.67	+457.0	+0.25%
Mar 03, 2023 00:00	1838.44	1841.35	1837.6	1838.82	+38.0	+0.02%
Mar 02, 2023 20:00	1835.55	1838.06	1834.9	1837.66	+211.0	+0.11%
Mar 02, 2023 16:00	1836.89	1838.59	1832.29	1835.88	-101.0	-0.06%
Mar 02, 2023 12:00	1836.78	1838.66	1830.14	1836.7	-8.0	+0.00%
Mar 02, 2023 08:00	1831.89	1837.04	1830.02	1836.53	+464.0	+0.25%
Mar 02, 2023 04:00	1832.7	1834.75	1830.39	1831.42	-128.0	-0.07%
Mar 02, 2023 00:00	1836.5	1837.72	1831.14	1833.42	-308.0	-0.17%
Mar 01, 2023 20:00	1838.47	1838.85	1836.1	1836.51	-196.0	-0.11%
Mar 01, 2023 16:00	1841.68	1841.97	1836.58	1838.25	-343.0	-0.19%
Mar 01, 2023 12:00	1835.13	1844.03	1833.71	1842.13	+700.0	+0.38%
Mar 01, 2023 08:00	1834.8	1838.37	1830.51	1835.2	+40.0	+0.02%
Mar 01, 2023 04:00	1830.1	1836.61	1829.4	1835.76	+566.0	+0.31%
Mar 01, 2023 00:00	1825.07	1830.87	1823.01	1830.87	+580.0	+0.32%
Feb 28, 2023 20:00	1828.48	1829.21	1825.45	1825.49	-299.0	-0.16%
Feb 28, 2023 16:00	1824.59	1830.86	1824.21	1829.13	+454.0	+0.25%
Feb 28, 2023 12:00	1808.2	1826.45	1807.0	1824.21	+1601.0	+0.88%
Feb 28, 2023 08:00	1809.83	1812.85	1805.73	1808.92	-91.0	-0.05%
Feb 28, 2023 04:00	1814.7	1816.69	1809.5	1810.38	-432.0	-0.24%
Feb 28, 2023 00:00	1817.13	1819.28	1814.4	1814.81	-232.0	-0.13%
Feb 27, 2023 20:00	1817.34	1817.89	1815.4	1817.08	-26.0	-0.01%
Feb 27, 2023 16:00	1815.48	1820.0	1812.61	1817.45	+197.0	+0.11%
Feb 27, 2023 12:00	1811.71	1819.97	1809.6	1815.2	+349.0	+0.19%
Feb 27, 2023 08:00	1811.13	1813.52	1808.1	1811.4	+27.0	+0.01%
Feb 27, 2023 04:00	1807.67	1811.93	1806.9	1810.55	+288.0	+0.16%
Feb 27, 2023 00:00	1811.72	1814.15	1806.69	1807.84	-388.0	-0.21%
Feb 26, 2023 20:00	1817.09	1817.09	1811.0	1811.8	-529.0	-0.29%
Feb 26, 2023 16:00	1817.1	1817.1	1810.72	1817.09	-1.0	+0.00%
Feb 24, 2023 20:00	1810.87	1813.25	1810.1	1810.67	-20.0	-0.01%
Feb 24, 2023 16:00	1810.68	1813.89	1809.0	1810.9	+22.0	+0.01%
Feb 24, 2023 12:00	1819.09	1819.09	1809.1	1810.4	-869.0	-0.48%
Feb 24, 2023 08:00	1821.76	1825.3	1817.57	1819.1	-266.0	-0.15%
Feb 24, 2023 04:00	1825.67	1826.3	1821.68	1821.97	-370.0	-0.20%
Feb 24, 2023 00:00	1823.16	1827.65	1823.12	1825.58	+242.0	+0.13%
Feb 23, 2023 20:00	1823.19	1823.94	1821.6	1823.24	+5.0	+0.00%
Feb 23, 2023 16:00	1822.2	1823.99	1817.8	1822.9	+70.0	+0.04%
Feb 23, 2023 12:00	1826.41	1829.76	1817.99	1823.08	-333.0	-0.18%
Feb 23, 2023 08:00	1829.13	1829.32	1824.03	1826.1	-303.0	-0.17%
Feb 23, 2023 04:00	1827.67	1833.41	1826.8	1829.42	+175.0	+0.10%
Feb 23, 2023 00:00	1825.01	1830.26	1823.2	1827.52	+251.0	+0.14%
Feb 22, 2023 20:00	1825.51	1827.18	1823.47	1825.02	-49.0	-0.03%
Feb 22, 2023 16:00	1836.03	1836.82	1824.95	1824.96	-1107.0	-0.61%
Feb 22, 2023 12:00	1838.94	1845.59	1831.76	1836.22	-272.0	-0.15%
Feb 22, 2023 08:00	1839.77	1841.04	1831.7	1838.96	-81.0	-0.04%
Feb 22, 2023 04:00	1835.84	1839.61	1834.6	1839.61	+377.0	+0.20%
Feb 22, 2023 00:00	1835.59	1838.32	1834.3	1836.06	+47.0	+0.03%
Feb 21, 2023 20:00	1833.91	1836.35	1833.5	1835.5	+159.0	+0.09%
Feb 21, 2023 16:00	1838.55	1839.22	1831.4	1833.93	-462.0	-0.25%
Feb 21, 2023 12:00	1833.83	1843.59	1829.6	1838.78	+495.0	+0.27%
Feb 21, 2023 08:00	1833.68	1836.43	1830.6	1833.79	+11.0	+0.01%
Feb 21, 2023 04:00	1838.13	1839.61	1833.76	1834.67	-346.0	-0.19%
Feb 21, 2023 00:00	1840.82	1843.66	1837.08	1838.26	-256.0	-0.14%
Feb 20, 2023 20:00	1841.05	1842.76	1841.05	1841.65	+60.0	+0.03%
Feb 20, 2023 16:00	1843.14	1843.81	1840.1	1841.05	-209.0	-0.11%
Feb 20, 2023 12:00	1844.78	1846.92	1842.3	1843.54	-124.0	-0.07%
Feb 20, 2023 08:00	1845.87	1847.34	1840.6	1844.64	-123.0	-0.07%
Feb 20, 2023 04:00	1842.73	1846.16	1840.4	1845.95	+322.0	+0.17%
Feb 20, 2023 00:00	1838.79	1843.03	1836.5	1842.9	+411.0	+0.22%
Feb 19, 2023 20:00	1846.09	1846.09	1837.9	1838.59	-750.0	-0.41%
Feb 19, 2023 16:00	1846.1	1846.1	1842.36	1846.09	-1.0	+0.00%
Feb 17, 2023 20:00	1842.85	1843.41	1840.8	1842.34	-51.0	-0.03%
Feb 17, 2023 16:00	1834.7	1843.46	1834.34	1842.86	+816.0	+0.44%
Feb 17, 2023 12:00	1824.42	1840.59	1822.8	1834.62	+1020.0	+0.56%
Feb 17, 2023 08:00	1822.88	1827.85	1819.0	1824.51	+163.0	+0.09%
Feb 17, 2023 04:00	1827.96	1828.48	1821.6	1824.43	-353.0	-0.19%
Feb 17, 2023 00:00	1833.04	1833.97	1826.21	1828.08	-496.0	-0.27%
Feb 16, 2023 20:00	1842.8	1842.8	1833.6	1834.22	-858.0	-0.47%
Feb 16, 2023 16:00	1834.27	1845.12	1832.44	1842.5	+823.0	+0.45%
Feb 16, 2023 12:00	1837.32	1840.14	1827.82	1834.31	-301.0	-0.16%
Feb 16, 2023 08:00	1841.08	1844.31	1835.01	1837.53	-355.0	-0.19%
Feb 16, 2023 04:00	1840.53	1841.3	1834.23	1841.21	+68.0	+0.04%
Feb 16, 2023 00:00	1836.51	1842.52	1834.54	1840.32	+381.0	+0.21%
Feb 15, 2023 20:00	1835.53	1838.42	1834.6	1836.51	+98.0	+0.05%
Feb 15, 2023 16:00	1834.15	1837.97	1831.26	1835.23	+108.0	+0.06%
Feb 15, 2023 12:00	1834.92	1838.66	1830.72	1833.89	-103.0	-0.06%
Feb 15, 2023 08:00	1834.67	1837.63	1832.2	1834.92	+25.0	+0.01%
Feb 15, 2023 04:00	1847.42	1848.88	1834.3	1835.64	-1178.0	-0.64%
Feb 15, 2023 00:00	1854.94	1859.98	1847.46	1848.37	-657.0	-0.36%
Feb 14, 2023 20:00	1854.92	1856.17	1852.9	1854.94	+2.0	+0.00%
Feb 14, 2023 16:00	1851.15	1858.78	1844.34	1855.17	+402.0	+0.22%
Feb 14, 2023 12:00	1857.16	1869.19	1843.57	1852.49	-467.0	-0.25%
Feb 14, 2023 08:00	1858.44	1863.77	1854.05	1856.64	-180.0	-0.10%
Feb 14, 2023 04:00	1858.16	1864.74	1856.6	1858.79	+63.0	+0.03%
Feb 14, 2023 00:00	1854.15	1858.46	1854.15	1858.08	+393.0	+0.21%
Feb 13, 2023 20:00	1852.51	1854.62	1850.6	1854.34	+183.0	+0.10%
Feb 13, 2023 16:00	1855.39	1855.7	1850.2	1852.78	-261.0	-0.14%
Feb 13, 2023 12:00	1862.32	1862.67	1853.84	1855.42	-690.0	-0.37%
Feb 13, 2023 08:00	1863.89	1863.89	1854.2	1862.03	-186.0	-0.10%
Feb 13, 2023 04:00	1858.95	1866.15	1858.36	1864.01	+506.0	+0.27%
Feb 10, 2023 20:00	1863.78	1865.6	1862.68	1865.28	+150.0	+0.08%
Feb 10, 2023 16:00	1859.93	1864.66	1856.43	1863.83	+390.0	+0.21%
Feb 10, 2023 12:00	1864.83	1868.4	1859.26	1860.07	-476.0	-0.26%
Feb 10, 2023 08:00	1866.48	1871.68	1860.3	1864.84	-164.0	-0.09%
Feb 10, 2023 04:00	1855.13	1866.85	1852.76	1866.08	+1095.0	+0.59%
Feb 10, 2023 00:00	1861.96	1865.25	1855.0	1855.32	-664.0	-0.36%
Feb 09, 2023 20:00	1861.32	1862.8	1858.6	1862.23	+91.0	+0.05%
Feb 09, 2023 16:00	1873.66	1875.29	1860.05	1861.93	-1173.0	-0.63%
Feb 09, 2023 12:00	1882.16	1889.77	1872.66	1874.93	-723.0	-0.39%
Feb 09, 2023 08:00	1880.74	1885.99	1879.8	1882.14	+140.0	+0.07%
Feb 09, 2023 04:00	1878.65	1881.97	1877.16	1880.78	+213.0	+0.11%
Feb 09, 2023 00:00	1875.42	1880.14	1872.0	1878.7	+328.0	+0.17%
Feb 08, 2023 20:00	1876.22	1876.48	1873.3	1874.97	-125.0	-0.07%
Feb 08, 2023 16:00	1873.88	1879.48	1872.26	1876.48	+260.0	+0.14%
Feb 08, 2023 12:00	1880.3	1883.47	1869.11	1874.09	-621.0	-0.33%
Feb 08, 2023 08:00	1885.19	1885.88	1879.06	1880.29	-490.0	-0.26%
Feb 08, 2023 04:00	1876.46	1884.74	1873.7	1884.74	+828.0	+0.44%
Feb 08, 2023 00:00	1872.64	1878.35	1872.64	1876.38	+374.0	+0.20%
Feb 07, 2023 20:00	1872.29	1875.82	1867.6	1872.94	+65.0	+0.03%
Feb 07, 2023 16:00	1879.1	1883.76	1865.06	1871.69	-741.0	-0.40%
Feb 07, 2023 12:00	1867.72	1879.73	1865.85	1879.73	+1201.0	+0.64%
Feb 07, 2023 08:00	1876.48	1877.98	1866.07	1867.43	-905.0	-0.48%
Feb 07, 2023 04:00	1873.08	1876.52	1871.4	1876.22	+314.0	+0.17%
Feb 07, 2023 00:00	1868.34	1875.18	1868.1	1872.79	+445.0	+0.24%
Feb 06, 2023 20:00	1865.81	1869.54	1865.33	1868.45	+264.0	+0.14%
Feb 06, 2023 16:00	1865.93	1871.11	1863.63	1865.67	-26.0	-0.01%
Feb 06, 2023 12:00	1872.0	1875.56	1863.36	1866.86	-514.0	-0.28%
Feb 06, 2023 08:00	1875.75	1881.18	1868.43	1871.55	-420.0	-0.22%
Feb 06, 2023 04:00	1876.39	1878.81	1874.5	1876.78	+39.0	+0.02%
Feb 06, 2023 00:00	1865.56	1876.6	1863.75	1876.48	+1092.0	+0.58%
Feb 05, 2023 20:00	1870.09	1870.09	1861.2	1865.24	-485.0	-0.26%
Feb 05, 2023 16:00	1870.1	1870.1	1864.9	1870.09	-1.0	+0.00%
Feb 03, 2023 20:00	1865.64	1866.82	1864.45	1865.39	-25.0	-0.01%
Feb 03, 2023 16:00	1873.42	1874.24	1861.5	1865.49	-793.0	-0.43%
Feb 03, 2023 12:00	1913.89	1916.81	1869.16	1873.07	-4082.0	-2.18%
Feb 03, 2023 08:00	1913.36	1915.85	1909.35	1914.1	+74.0	+0.04%
Feb 03, 2023 04:00	1916.34	1917.98	1910.16	1913.3	-304.0	-0.16%
Feb 03, 2023 00:00	1915.18	1918.43	1913.5	1916.36	+118.0	+0.06%
Feb 02, 2023 20:00	1913.13	1915.2	1910.7	1914.79	+166.0	+0.09%
Feb 02, 2023 16:00	1925.96	1926.22	1911.4	1913.26	-1270.0	-0.66%
Feb 02, 2023 12:00	1954.81	1955.64	1917.65	1925.33	-2948.0	-1.53%
Feb 02, 2023 08:00	1956.2	1959.4	1951.71	1954.78	-142.0	-0.07%
Feb 02, 2023 04:00	1952.34	1959.59	1950.9	1955.92	+358.0	+0.18%
Feb 02, 2023 00:00	1952.5	1956.87	1950.83	1952.44	-6.0	+0.00%
Feb 01, 2023 20:00	1944.11	1955.95	1939.61	1953.03	+892.0	+0.46%
Feb 01, 2023 16:00	1924.77	1943.24	1920.84	1942.66	+1789.0	+0.92%
Feb 01, 2023 12:00	1928.9	1932.92	1922.86	1931.45	+255.0	+0.13%
Feb 01, 2023 08:00	1924.64	1929.92	1922.9	1928.61	+397.0	+0.21%
Feb 01, 2023 04:00	1928.03	1929.18	1924.1	1924.86	-317.0	-0.16%
Jan 31, 2023 20:00	1928.4	1928.94	1926.3	1927.31	-109.0	-0.06%
Jan 31, 2023 16:00	1929.07	1930.88	1926.3	1928.66	-41.0	-0.02%
Jan 31, 2023 12:00	1904.41	1929.0	1900.77	1927.97	+2356.0	+1.22%
Jan 31, 2023 08:00	1914.85	1914.85	1901.19	1903.8	-1105.0	-0.58%
Jan 31, 2023 04:00	1920.84	1921.73	1912.32	1914.56	-628.0	-0.33%
Jan 31, 2023 00:00	1921.59	1927.28	1920.1	1920.97	-62.0	-0.03%
Jan 30, 2023 20:00	1923.37	1923.48	1921.1	1922.09	-128.0	-0.07%
Jan 30, 2023 16:00	1925.51	1925.66	1920.9	1923.29	-222.0	-0.12%
Jan 30, 2023 12:00	1922.98	1930.33	1922.51	1925.03	+205.0	+0.11%
Jan 30, 2023 08:00	1923.48	1930.63	1920.73	1923.15	-33.0	-0.02%
Jan 30, 2023 04:00	1926.0	1934.32	1923.28	1923.94	-206.0	-0.11%
Jan 30, 2023 00:00	1925.47	1926.38	1924.38	1926.25	+78.0	+0.04%
Jan 29, 2023 20:00	1927.2	1928.67	1924.8	1928.65	+145.0	+0.08%
Jan 27, 2023 20:00	1929.87	1930.37	1926.36	1927.72	-215.0	-0.11%
Jan 27, 2023 16:00	1924.17	1931.91	1923.41	1930.16	+599.0	+0.31%
Jan 27, 2023 12:00	1929.74	1934.82	1917.6	1924.51	-523.0	-0.27%
Jan 27, 2023 08:00	1923.55	1931.18	1922.95	1930.02	+647.0	+0.34%
Jan 27, 2023 04:00	1924.09	1925.56	1920.0	1923.4	-69.0	-0.04%
Jan 27, 2023 00:00	1927.44	1927.65	1923.6	1924.71	-273.0	-0.14%
Jan 26, 2023 20:00	1931.19	1931.2	1928.0	1930.33	-86.0	-0.04%
Jan 26, 2023 16:00	1924.41	1932.96	1919.19	1930.99	+658.0	+0.34%
Jan 26, 2023 12:00	1937.08	1942.05	1923.29	1924.89	-1219.0	-0.63%
Jan 26, 2023 08:00	1942.29	1944.86	1933.2	1936.95	-534.0	-0.28%
Jan 26, 2023 04:00	1947.81	1948.84	1938.04	1942.99	-482.0	-0.25%
Jan 26, 2023 00:00	1947.56	1947.91	1942.54	1947.61	+5.0	+0.00%
Jan 25, 2023 20:00	1942.44	1948.72	1942.26	1948.31	+587.0	+0.30%
Jan 25, 2023 16:00	1933.2	1942.84	1928.92	1942.26	+906.0	+0.47%
Jan 25, 2023 12:00	1925.9	1937.38	1920.06	1932.91	+701.0	+0.36%
Jan 24, 2023 20:00	1937.86	1938.12	1935.9	1937.01	-85.0	-0.04%
Jan 24, 2023 16:00	1934.42	1938.21	1930.4	1938.14	+372.0	+0.19%
Jan 24, 2023 12:00	1937.28	1939.18	1917.66	1934.94	-234.0	-0.12%
Jan 24, 2023 08:00	1935.7	1938.39	1935.29	1937.36	+166.0	+0.09%
Jan 23, 2023 20:00	1926.25	1932.67	1925.68	1931.28	+503.0	+0.26%
Jan 23, 2023 16:00	1922.81	1929.53	1919.57	1926.05	+324.0	+0.17%
Jan 23, 2023 12:00	1925.48	1927.68	1911.61	1923.22	-226.0	-0.12%
Jan 23, 2023 08:00	1920.29	1929.26	1918.8	1925.47	+518.0	+0.27%
Jan 23, 2023 04:00	1922.22	1923.0	1919.86	1919.94	-228.0	-0.12%
Jan 22, 2023 20:00	1928.99	1928.99	1923.7	1927.18	-181.0	-0.09%
Jan 22, 2023 16:00	1925.95	1928.99	1925.95	1928.99	+304.0	+0.16%
Jan 20, 2023 20:00	1929.68	1929.86	1925.5	1925.78	-390.0	-0.20%
Jan 20, 2023 16:00	1926.45	1930.96	1922.91	1929.8	+335.0	+0.17%
Jan 20, 2023 12:00	1927.48	1930.63	1920.6	1926.31	-117.0	-0.06%
Jan 20, 2023 08:00	1933.12	1937.15	1926.5	1927.11	-601.0	-0.31%
Jan 20, 2023 04:00	1926.8	1932.98	1922.8	1932.65	+585.0	+0.30%
Jan 20, 2023 00:00	1929.68	1930.27	1927.5	1927.5	-218.0	-0.11%
Jan 19, 2023 20:00	1929.45	1934.97	1929.45	1931.96	+251.0	+0.13%
Jan 19, 2023 16:00	1917.95	1930.95	1917.6	1929.63	+1168.0	+0.61%
Jan 19, 2023 12:00	1907.98	1923.07	1906.88	1917.37	+939.0	+0.49%
Jan 19, 2023 08:00	1911.76	1916.37	1906.71	1908.22	-354.0	-0.19%
Jan 19, 2023 04:00	1908.95	1912.63	1906.51	1911.25	+230.0	+0.12%
Jan 19, 2023 00:00	1906.93	1910.66	1901.02	1909.04	+211.0	+0.11%
Jan 18, 2023 20:00	1904.38	1907.22	1902.4	1906.86	+248.0	+0.13%
Jan 18, 2023 16:00	1912.16	1912.61	1902.7	1905.0	-716.0	-0.38%
Jan 18, 2023 12:00	1915.9	1925.67	1911.46	1912.18	-372.0	-0.19%
Jan 18, 2023 08:00	1908.04	1916.69	1907.92	1915.5	+746.0	+0.39%
Jan 18, 2023 04:00	1900.26	1908.88	1896.1	1907.53	+727.0	+0.38%
Jan 18, 2023 00:00	1908.76	1910.26	1899.34	1900.09	-867.0	-0.46%
Jan 17, 2023 20:00	1907.89	1910.61	1907.2	1908.69	+80.0	+0.04%
Jan 17, 2023 16:00	1911.23	1913.1	1903.85	1907.74	-349.0	-0.18%
Jan 17, 2023 12:00	1912.45	1916.51	1907.39	1910.87	-158.0	-0.08%
Jan 17, 2023 08:00	1910.21	1912.36	1904.0	1912.09	+188.0	+0.10%
Jan 17, 2023 04:00	1910.07	1913.11	1906.8	1910.11	+4.0	+0.00%
Jan 17, 2023 00:00	1915.3	1915.39	1909.41	1909.97	-533.0	-0.28%
Jan 16, 2023 20:00	1915.5	1918.33	1914.2	1917.93	+243.0	+0.13%
Jan 16, 2023 16:00	1915.97	1916.03	1912.3	1915.5	-47.0	-0.02%
Jan 16, 2023 12:00	1916.7	1917.13	1911.34	1915.65	-105.0	-0.05%
Jan 16, 2023 08:00	1917.48	1919.26	1915.11	1916.64	-84.0	-0.04%
Jan 15, 2023 20:00	1922.19	1922.19	1917.1	1917.19	-500.0	-0.26%
Jan 15, 2023 16:00	1922.2	1922.2	1920.15	1922.19	-1.0	+0.00%
Jan 13, 2023 20:00	1920.02	1921.31	1917.9	1920.12	+10.0	+0.01%
Jan 13, 2023 16:00	1914.17	1921.81	1909.67	1919.7	+553.0	+0.29%
Jan 13, 2023 12:00	1900.6	1916.23	1893.87	1913.73	+1313.0	+0.69%
Jan 13, 2023 08:00	1899.33	1909.51	1898.02	1899.83	+50.0	+0.03%
Jan 13, 2023 04:00	1897.79	1899.61	1892.3	1899.26	+147.0	+0.08%
Jan 13, 2023 00:00	1897.89	1900.67	1896.0	1897.83	-6.0	+0.00%
Jan 12, 2023 20:00	1896.99	1899.46	1894.0	1897.99	+100.0	+0.05%
Jan 12, 2023 16:00	1889.39	1899.27	1888.59	1897.68	+829.0	+0.44%
Jan 12, 2023 12:00	1885.16	1901.41	1879.91	1888.89	+373.0	+0.20%
Jan 12, 2023 08:00	1883.21	1886.2	1880.9	1885.15	+194.0	+0.10%
Jan 12, 2023 04:00	1882.8	1884.85	1879.5	1882.23	-57.0	-0.03%
Jan 12, 2023 00:00	1876.87	1884.63	1875.82	1883.9	+703.0	+0.37%
Jan 11, 2023 20:00	1877.45	1877.96	1874.41	1876.9	-55.0	-0.03%
Jan 11, 2023 16:00	1871.78	1878.38	1867.34	1877.67	+589.0	+0.31%
Jan 11, 2023 12:00	1883.07	1883.18	1869.85	1871.97	-1110.0	-0.59%
Jan 11, 2023 08:00	1881.77	1886.46	1881.13	1883.2	+143.0	+0.08%
Jan 11, 2023 04:00	1877.64	1884.35	1876.4	1881.58	+394.0	+0.21%
Jan 11, 2023 00:00	1877.17	1878.36	1872.28	1877.64	+47.0	+0.03%
Jan 10, 2023 20:00	1876.47	1878.38	1875.6	1877.18	+71.0	+0.04%
